conversation_id,message,label
A 1575,masalah pribadi,'Neutral'
A 1575,titin sumantin/wanita/21/islam/jateng,Neutral
A 1575,tidak,"To accurately assess the openness to Christianity from the message ""tidak,"" we need more context. ""Tidak"" simply means ""no"" in Indonesian (and Malay). Without additional context about what is being rejected or discussed, it's not clear whether this pertains to Christianity or not. 

Given this lack of context, I would label this message as 'Neutral' regarding openness to Christianity, as it does not provide enough information to determine a stance towards Christianity."
A 1575,lebih ke batin yang udah trauma karena keadaan keluargadan trust issue yang disebabkan teman dan orang� sekitar jawa tengahku pekalongan kak,Neutral
A 1575,trust issue karena saat saya sudah benar� percaya kepada seseorang dia berkhianat dan membuat omongan diluar yang sayapun tidak pernah melakukanya saya juga terlalu banyak mendapat janji tanpa bukti lebih tepatnya cuma omong kosong mencoba untuk bodoamat tapi tidak bisa jalan satu�nya adalah dengan healing majlisan dan kegiatan positif lainnyaakan tetapi setelah itu di patahkan berkali-kali saya jadi susah percaya dengan orang ya karna ending dari semuanya tetep ada khianat,Neutral
A 1575,"sudah kak, tapi namanya pendosa ya nyari allahnya pas ada masalah",'Not Open'
A 1575,sedang berobat jalan dengan berangkat majelisan dan mendengarkan ceramah�,Neutral
A 1575,bisa merasakan nikmatnya ibadah seperti dulu istikomah dalam ibadah dan menjadi pribadi yang lebih baik lagi aku juga berdoa beri ketentraman di keluarga biar bisa merasakan apa itu keluarga cemara lengkap tapi tidak cemara itu lebih menyakitkan daripada broken home,'Neutral'
A 1575,keluarga masih lengkap tapi tidak akur,'Neutral'
A 1575,terutama bapak yang selalu mendidik anak�nya terlalu keras,"This message reads ""especially a father who always educates his children too harshly"" in Indonesian. It does not mention or relate to Christianity or religious matters in any way. Therefore, the correct label for this message is 'Neutral'."
A 1575,085840786620,Neutral
A 1575,aamiin,"The term ""aamiin"" appears to be an expression used to conclude prayers, similar to ""Amen,"" and is commonly used in Islamic contexts rather than Christian ones. Based on this, the message does not specifically indicate openness to Christianity. Therefore, the appropriate label would be ""Neutral,"" as it does not exhibit a specific inclination towards or against Christianity."
A 1575,sudah segala usaha dan doa yang dilakukan tetap saja kalah dengan yang namanya karakter,'Neutral'
A 1575,dan diam adalah jalan ninjaku,Neutral
A 1575,akan tetapi wajar bukan kalau titin sempat berada di titik capek muak dan membantah sekali dua kali karena hal� yg dibahas bukan point masalahnya melainkan meleber kemana mana,'Neutral'
A 1575,kalau anak durhaka apakah ada orang tua durhaka?,Neutral
A 1575,wallahu a'lam,'Not Open'
A 1575,sangat amat mau sekali,"The message you provided, ""sangat amat mau sekali,"" is in Indonesian and translates roughly to ""very much want."" This phrase does not express any specific sentiment towards Christianity, so it is best labeled as 'Neutral'."
A 1575,"iya kak, ditunggu japrinya","This message is labeled as 'Neutral' in terms of openness to Christianity because it does not mention or refer to any religious content. It is a casual text, likely referring to the anticipation of something (like a response or an action), but it contains no indications of a religious context."
A 1575,"wa'alaikumussalam kak, ohiya lupa kak chate tk cari gak ketemu mungkin tenggelam",'Neutral'
A 1575,karna bulan juni titin sibuk pegang hp cuma sebentar�,'Neutral'
A 1575,free kak,"The message ""free kak"" does not provide any context or indication regarding openness to Christianity or any related topics. Therefore, the appropriate label for this message is 'Neutral'."
A 1575,iya kakterimakasih sudah peduli dengan titin??,This message is 'Neutral' regarding openness to Christianity as it does not express any sentiment or position toward Christianity.
A 1575,"wa'alaikumussalam kak, iya benar",Neutral
A 1575,"maaf ya kak, chatnya tenggelam",'Neutral'
A 1575,"iya kak,  sudah mereda tapi jika ada kesalahan titin pasti jadi boom waktu",The message provided does not mention or relate to Christianity or religious openness. I would label it as 'Neutral'.
A 1575,iya kak titin mau tau tentang isa al masih,"The message you provided translates from Indonesian to English roughly as ""Hi Sister Titin, I want to know about Isa Al Masih."" 'Isa Al Masih' generally refers to Jesus Christ, especially within Islamic contexts.

Label: Open

Reasoning: The message expresses a desire to learn about Isa Al Masih (Jesus Christ), showing openness to Christianity by seeking knowledge about a central figure in the Christian faith. This curiosity reflects a positive stance towards understanding or learning more about Christian beliefs or figures."
A 1575,belum kak,"The message ""belum kak"" which translates to ""not yet, sister/brother"" in English, does not express any specific opinion or sentiment towards Christianity. Thus, it should be labeled as 'Neutral'."
A 1575,"kecamatan doro, kabupaten pekalongan kak",Neutral
A 1575,ketemune dmna kak?,"The message you provided, ""ketemune dmna kak?"" which translates from Indonesian approximately to ""Where do I find it, brother/sister?"" is unrelated to any religious context, including Christianity. Therefore, it is 'Neutral' with respect to openness to Christianity."
A 1575,iya kak lagi kerja freenya hari jumat,This message is 'Neutral' regarding openness to Christianity. It does not contain any content related to openness or lack thereof towards Christianity or any religious topic.
A 1575,pendidikan terakhirku smk,'Neutral'
A 1575,"kak maaf sebelumnya, nanti ada biaya apa�nya nggak ya?",Neutral
A 1575,titin kerja di stand es kak,"The message ""titin kerja di stand es kak"" does not show any clear relevance to Christianity or openness to religious matters. Therefore, it should be labeled as 'Neutral'."
A 1575,kakake rumahe mana?,"The message you provided, ""kakake rumahe mana?"" which translates to ""where is your elder brother's house?"" in English, doesn't contain any reference or context related to Christianity or religious openness. Therefore, I would label it as 'Neutral' in terms of openness to Christianity."
A 1575,iya kak boleh,"Based on the text provided, ""iya kak boleh,"" which translates to ""yes, brother/sister, can,"" does not directly comment on or relate to openness towards Christianity or any other religion. Thus, it should be labeled as 'Neutral'."
A 1575,yang penting sama� senggangnya,"The message provided, ""yang penting sama� senggangnya,"" is written in Indonesian, and translates roughly to ""what matters is that we are free/together during downtime."" This message does not contain any specific content about Christianity or religiosity in general. Therefore, it should be labeled as 'Neutral' in terms of openness to Christianity, as it neither supports nor opposes religious views."
A 1575,mba dwi orang mana?boleh save wa.nya?,Neutral
A 1575,"ohiya kak siap, titin save ya","This message seems to be a simple interpersonal communication in Indonesian language with no context given about religion or Christianity. Hence, it is 'Neutral' regarding openness to Christianity."
B 0464,belum bisa membayar hutang..malah makin menumpuk,Neutral
B 0464,nama saya bu juri...usia 40 thn,Neutral
B 0464,"saya seorang ibu, alhamdulillah baik..masih bekerja walau pikiran kacau balau",'Neutral'
B 0464,aammiinn yarabbal alaammiinn. malang jawa timur,'Neutral'
B 0464,pakis,"The message provided, ""pakis,"" does not contain enough content or context to assess openness to Christianity. Therefore, it is labeled as 'Neutral' because it neither supports nor opposes Christianity specifically. If you have more context or another query, feel free to share!"
B 0464,saya buruh masak diwarung,"This message simply states ""I am a cook at a food stall"" in Indonesian and does not contain any information regarding openness to Christianity. Therefore, the appropriate label is 'Neutral'."
B 0464,"smp. saya terjerat hutang bank harian(bank titil) kesalahan saya adalah jika tdk bisa membayar hari ini saya ambil pinjaman lagi ke koperasi lain jadi bukan melunasi tp seperti gali lobang tutup lobang bahkan gaji sya bulan ini sdh ta ambil dulu buag bayar utang"" itukalo dihitung kurang lebih 7jt an hutang saya tapi tiap hari harus ada uang 200rb utk cicilan karena jangka waktu pinjam cm 10 minggu lunas itulah yg memberatkan hidup saya. sudah bbrp kali menjual aset yg ada seperti tv.mesin cuci.kulkas dll tp blm mencukupi karena penjualan seperti itu dianggap  rongsokan barang sdh terpakai sampe sekarang blm bisa membayar hutang  itu. tiap hari hanya pinjam sana sini yg membuat makin menumpuknya hutang. hanya bisa berdoa dzikir saja mohon pertolongan allah swt. saya tetep bekerja walau pikiran kacau dan was was jika penagih datang maaf saya bercerita panjang lebar karena mengeluarkan segala uneg"" yg mengganjal hati saya",Neutral
B 0464,alhamdulillah saya masih solat..tp saat ini sedang halangan saya hanya bisa berdzikir. hanya kepada allah saya mohon pertolongan karena tidak ada lagi yg bisa saya perbuat,'Not Open'
B 0464,"selalu memikirkan dosa..bahkan saya merasa apakah yg saya jalani ini termasuk karma /hukuman atas dosa saya selalu saya mohon ampun atas dosa"" itu. mungkin hanya tangis dan permohonan yg saya hadapkan kpd allah hingga merasa belum  melakukan kewajiban sesungguhnya sebagai hamba-nya",'Not Open'
B 0464,"dulu kedua orgtua saya hubunganya kurang baik dan saya sbg anak.perempuan pertama mencoba utk memperbaiki hububgan mereka ibu saya punya hutang bank harian juga..waktu itu mungkin utk memenuhi kebutuhan keluarga katena bapak memberi nafkah tidak mencukupi dan saya sebagai anak merasa kasihan sebenarnya sama ibu lalu membujuk bapak agar mau membayarkan hutang"" nya emak/ibu nah disitulah terjadi salah faham aku berhasil membujuk bapak menjual sedikit hartanya utk membayar hutang emak tapi emak salah faham  bahwa aku dan bapak mengeroyoknya hingga pada saat aku terpuruk pandemi tahun lalu karena banyak hutang, emak mengingatkanku tentang masa lalu itu yg menimpanya dan sekarang menimpaku mungkin dosaku kpd emak yg merasa sakit hati waktu itu bahkan aku sempat bersujud dikakinya meminta maaf jika waktu itu aku dan bapak malah menyakitinya sdh 3 tahun lebih aku berjuang membayar hutang"" namun belum juga lunas tapi aku terus memcoba tidak menyerah dgn memohon ampunan dan juga pertolongan allah swt agar bisa melewati semua ini walau kadang tak sanggup menahan airmata",'Not Open'
B 0464,"aku tak ingin membebani suami anak anakku dengan hutang karena kesalahanku sendiri saya doakan melalui pekerjaan mbak saat ini, allah melimpahkan rezeki dan memberikan berkah kepada mbak dan keluarga agar mbak bisa memenuhi kebutuhan sehari-hari dan juga bisa melunasi hutang.",'Not Open'
B 0464,saya mencoba menghapusnya dgn menuruti apapun keinginan emak menyenangkan hati beliau dan lebih memetingkan beliau,'Neutral'
B 0464,iya..mau,"The message ""iya..mau"" is very brief and does not provide any specific content related to Christianity or openness to it. Therefore, it would be categorized as 'Neutral' since it does not indicate either openness or non-openness to Christianity."
B 0464,iya,"The message ""iya"" is labeled as 'Neutral' because it does not provide any information regarding openness or attitudes towards Christianity."
B 0464,mau,"The message ""mau"" doesn't provide any context or indication of openness to Christianity or any other specific subject. It is not possible to categorize it as 'Open', 'Neutral', or 'Not Open' regarding openness to Christianity based on this information alone. Therefore, it should be classified as 'Neutral' because it doesn't convey any discernible stance."
B 0464,0895610068787,"The message ""0895610068787"" does not contain any content related to openness to Christianity. It appears to be a string of numbers, potentially a code or identifier, which isn't contextually relevant to the topic of Christianity. Therefore, I would label it as 'Neutral' since it doesn't express any sentiment or position towards Christianity."
B 0464,terima kasih,"The message ""terima kasih"" simply means ""thank you"" in Indonesian. It does not express any opinion or openness regarding Christianity. Therefore, the label would be 'Neutral'."
B 0472,bingung belum ada uang buat bayar hutang besok.,Neutral
B 0472,"walkumsalam, salam kenal. saya ika, 44 tahun.",Neutral
B 0472,alhamdulillah baik. berusaha berfikir positif meski dikejar kejar hutang mbak,Neutral
B 0472,di semarang mbak. kalau mbak candra dari mana,This message is 'Neutral' in terms of openness to Christianity. It does not contain any content related to religious openness or opposition; it simply appears to be part of a conversation about geographical locations.
B 0472,genuk.,"The message ""genuk"" does not provide clear information or context regarding openness to Christianity. Therefore, I would label it as 'Neutral'."
B 0472,saya guru tk.,'Neutral'
B 0472,smk.,"The message ""smk."" is ambiguous and does not provide enough context to determine its stance on Christianity or any other topic. Therefore, I would label it as 'Neutral'."
B 0472,"sudah, 2 anak. 1 cowok 20 tahun sudah kerja, 1cewek 8 tahun.",Neutral
B 0472,ya mesti mau mbak.,'Neutral'
B 0472,apa mbak.,"The message ""apa mbak"" is in Indonesian, translating to ""what, sister?"" or a similar informal inquiry. It doesn't express any sentiment regarding openness to Christianity or any other religious or non-religious topic. Therefore, the appropriate label for this message is 'Neutral'."
B 0472,kalau saya tetep punya dosa banyak. yang saya sengaja atau yang tidak saya sengaja. tapi saya tahu allah maha pengampun.,'Not Open'
B 0472,perbutan yang tidak nyata dan tidak nyata dimana itu menyalahi aturan dan menyakiti mahluk hidup yg disengaja atau tidak disengaja.,Neutral
B 0472,saya sendiri tidak tahu dosa2 saya diampuni apa tidak. tapi saya sebisa mungkin berusaha taat dan menjalankan perintah2nya.,'Neutral'
B 0472,mau mbak.,"The message ""mau mbak"" is in Indonesian and it translates to ""yes, sister"" or ""I want, sister."" It expresses a response or agreement but does not relate to Christianity or any religious context in itself. It can be considered 'Neutral' regarding openness to Christianity."
B 0472,boleh mbak,"The message ""boleh mbak"" translates to ""yes, sis"" or ""sure, sis"" in English, typically a conversational response in Bahasa Indonesia. It appears neutral and does not indicate any specific openness or lack of openness to Christianity. Therefore, the appropriate label for this message is 'Neutral'."
B 0472,mau mbak....saya juga masih belajar banyak tentang islam mbak. karena saya mualaf. saya dari keluarga katolik.,'Neutral'
B 0472,0895415448565,Neutral
B 0472,ok.,Neutral
B 0472,aamiin....aamiin....aamiin....,"The message ""aamiin....aamiin....aamiin...."" appears to be a form of expressing agreement or affirmation, commonly used in Islamic contexts as an equivalent to ""Amen."" This expression itself does not indicate any particular openness or closeness to Christianity specifically. It reflects a general spiritual or religious sentiment. Thus, it is most appropriately labeled as 'Neutral' regarding openness to Christianity."
B 0521,privasi kk,"The text ""privasi kk"" appears to be a shorthand or abbreviated form, possibly meaning ""private, okay?"" or something similar in Indonesian. It does not express an opinion or sentiment about Christianity. Thus, I would label this message as 'Neutral' regarding openness to Christianity."
B 0521,waalaikumussalam nama sy rita 30th,Neutral
B 0521,alhamdulillah baik,"The phrase ""alhamdulillah baik,"" which is not in English, generally means ""thank God, good"" in Indonesian and is a phrase typically used in a Muslim context, specifically expressing gratitude in accordance with Islamic faith. This indicates a particular religious orientation that does not directly relate to Christianity. Therefore, I would label this message as 'Neutral' regarding openness to Christianity, as it neither explicitly supports nor opposes Christian beliefs."
B 0521,di kalbar,"The message ""di kalbar"" doesn't provide any information regarding openness to Christianity. It appears to be a shortened or informal phrase that might mean ""in West Kalimantan"" (a province in Indonesia). Without additional context relating to the subject of Christianity, the response must be categorized as 'Neutral'."
B 0521,mempawah.ada apa ya?,"Your message ""mempawah.ada apa ya?"" seems to simply be asking a question possibly about a location or context and does not mention or relate to Christianity. Therefore, it is labeled as 'Neutral'."
B 0521,baik .sy tidak keberatan,'Neutral'
B 0521,"sy di rmh aj,smbl jualan kue online","The message provided, ""sy di rmh aj,smbl jualan kue online,"" translates to ""I'm just at home, while selling cakes online"" in English. It shows no reference to Christianity or any religious topics. Therefore, it should be labeled as 'Neutral' regarding openness to Christianity."
B 0521,smp aja,"The message ""smp aja"" is considered 'Neutral' regarding openness to Christianity as it does not contain any specific content related to or indicating an attitude towards Christianity."
B 0521,"ya,sudah",'Neutral'
B 0521,"aamiin allahumma aamiin  ya,sangat",'Not Open'
B 0521,iman yang lemah dan dosa2 kk,"The message provided, ""iman yang lemah dan dosa2 kk,"" translates from Indonesian to ""weak faith and sins, brother."" It refers generally to issues of faith and morality, which can be linked to religious themes but does not specifically address Christianity or openness to it. I would label this message as 'Neutral' as it does not express a clear position towards Christianity, whether open or not."
B 0521,"tapi kdg juga karna keadaan dan masa sulit yg membuat saya,merasa tidak bisa menerima kenyataan",'Neutral'
B 0521,dosa itu melanggar perintah yg  telah  ditetapkan allah swt. yg bisa menyebabkan dosa kecil maupun dosa besar,'Not Open'
B 0521,"dengan taubat dan istighfar,dan selalu mendekatkan diri ke pada allah.",'Not Open'
B 0521,ya,"The message ""ya"" is simply an informal way to say ""yes"" and does not give any indication about the openness to Christianity. Therefore, I would label it as 'Neutral'."
B 0521,ya,"The message ""ya"" is too brief and lacks context to determine any stance regarding openness to Christianity. It would be labeled as 'Neutral'."
B 0521,ya,'Neutral'
B 0521,083152139119,Neutral
B 0521,boleh aja,"The message ""boleh aja"" translates from Indonesian to ""just fine"" or ""it's okay"" in English, indicating a neutral or passive attitude. Therefore, it would be labeled as 'Neutral' regarding openness to Christianity. It neither expresses a clear openness nor a rejection."
B 0521,baik mbk. terima kasih juga,Neutral
B 0537,ga bisa bayar utang k,'Neutral'
B 0537,36 th  nama bu sri,"The message you provided, ""36 th nama bu sri,"" does not contain any relevant content related to openness or attitudes towards Christianity. It appears to simply state an age and a name, and thus, does not provide any context or indication of the required sentiment. Therefore, I would label it as 'Neutral' regarding openness to Christianity."
B 0537,salsa amalia pemalang ka,"The message ""salsa amalia pemalang ka"" does not provide any context or content related to Christianity or openness to Christianity; it appears to be mentioning a name or phrase with no clear connection to the subject. Therefore, the appropriate label for this message would be 'Neutral'."
B 0537,krja saya tani sama menjahit tapi jahitan lagi sepi ka,"The message you've provided does not express any sentiment related to openness or lack of openness towards Christianity. It is focused on personal activities, specifically farming and sewing, and mentions that sewing work is currently slow. Therefore, the appropriate label for this message is 'Neutral', as it does not relate to the topic of openness to Christianity."
B 0537,lulusan smp tpi tidak lulus karena ga da biaya ka,Neutral
B 0537,oh deket sama allah deket banget gimana cara memperbaiki diri ka saya ingin punya masa depan  brsama ke 2 anaku msalah saya cuma ada di kluarga suami saya mereka sering menghina saya tapi saya tetap sabar jalani tapi otak saya dah penuh ingin rasanya saya muntah kan tapi sama siapa ka saya hanya pasrah kepada allah ka saya harus gimana ka?? padahal kan saya pekerja keras untuk untuk membantu perekonomian keluarga ttap saja salah di mata mereka apa karena saya masih ikut mertua suami saya dikendalikan keluarganya saya harus gimana apakah harus pasrah dngan apa yg sudah ditakdirkan untuk saya coz sama anak saya aja ga suka  pilih kasih temen saya hanya satu  allah subhanahu taalah,"The message you provided is 'Neutral' regarding openness to Christianity. The individual is discussing their personal struggles and their reliance on Allah for guidance, which indicates a focus on Islamic faith rather than an openness or inclination towards Christianity. The content does not express any interest or opposition to Christianity specifically; it simply reflects the individual's current spiritual and personal circumstances through the lens of their existing faith."
B 0537,apa itu ka,"Message anda ""apa itu ka"" berarti ""apa itu kak,"" yang merupakan pertanyaan singkat dalam bahasa Indonesia untuk meminta penjelasan atau informasi mengenai sesuatu. Penilaian terhadap keterbukaan terhadap Kekristenan tidak dapat dilakukan hanya dari pertanyaan ini tanpa konteks lebih lanjut mengenai topik yang dibicarakan.

Label: Neutral"
B 0537,memang saya akui dosa saya sangat banyak bahkan  ditebus dngan apapun nda bisa harus gimana saya,'Not Open'
B 0537,belom ka paling ya brbuat baik kepada semua orang  mendekat kan diri kepada allah swt merenung i apa yg harus aku prbuat,'Not Open'
B 0537,siapa ka saya mau di tlong,"The message you've provided, ""siapa ka saya mau di tlong,"" which translates to ""who are you, I want to be helped,"" does not contain any specific references or indications towards openness to Christianity or any religious subject. Thus, it should be labeled as 'Neutral' in terms of openness to Christianity because it neither expresses nor implies any position towards the religion."
B 0537,mau ka,"The message ""mau ka"" does not provide any clear information related to Christianity or religious discussions. It seems to be either a typo or possibly in a different language that doesn't translate directly to an English or religious context. Therefore, I would label it as 'Neutral' regarding openness to Christianity."
B 0537,boleh ka gimana,"The message ""boleh ka gimana"" in Indonesian translates roughly to ""is it allowed, how is it?"" This does not provide enough context or content related to openness or lack thereof towards Christianity or any other specific topic. Thus, it should be labeled as 'Neutral' due to the absence of specific reference to Christianity or religious openness."
B 0537,085601768851 no wa,Neutral
B 0537,ok,'Neutral'
B 0576,memperbaikki diri agar bisa menjadi lebih baik..,'Neutral'
B 0576,catur usia 45 thn,'Neutral'
B 0576,ampel byl,"The message ""ampel byl"" does not provide any relevant information about Christianity or any opinions toward it. Therefore, I would label it as 'Neutral' since it is neither open nor not open regarding openness to Christianity."
B 0576,"sudah, tp suami saya pergi sama wanita lain, saya sama anak""",Neutral
B 0576,amin saya kerja di katring k,'Neutral'
B 0576,amin smk,"The message ""amin smk"" does not provide any information regarding openness to Christianity. Therefore, I would label it as 'Neutral' since it does not express any specific sentiment or stance towards Christianity."
B 0576,iya,"The message ""iya"" does not provide any information regarding openness to Christianity. It appears to be a casual greeting or it could be an abbreviation or slang. Therefore, I would label it as 'Neutral' regarding openness to Christianity, as it neither supports nor opposes the topic."
B 0576,"kurang bersyukur jujur saya ingin lebih baik dan bersujud.. tp terkadang karena waktu tututan keadaan membuat saya lupa dn meninggalkan kewajiban sholat, faktor ekonomi biaya anak, hutang saya bnyk",'Neutral'
B 0576,iya,"The message ""iya"" is neutral regarding openness to Christianity. It does not convey any specific message or sentiment toward Christianity, so I would label it as 'Neutral'."
B 0576,perbuatan/ tindakan yang merugikan kita sendiri misal kita buat maksiat,'Neutral'
B 0576,menjalankan perintahnya dan menjauhi laranganya..,'Neutral'
B 0576,"iya,","It seems there might be a mix-up or incompleteness in your message. Without more context or information, I'm unable to determine your stance on Christianity or categorize the response accurately. Could you please provide more information or clarify your statement?"
B 0576,iya,"The message 'iya' does not provide any indication of openness or lack thereof toward Christianity. It appears to be a casual greeting or a shorthand for ""hiya,"" and does not contain content relevant to the topic of Christianity. Therefore, it should be labeled as 'Neutral'."
B 0576,mau,"This message says ""mau,"" which does not provide any context or information regarding openness to Christianity or any other subject matter. The label for this message would be 'Neutral' as it doesn't express any inclination or disinclination towards Christianity."
B 0576,085866289965,"The text provided is a sequence of numbers and does not express any sentiment or content related to openness towards Christianity or any other topic. Therefore, it should be labeled as 'Neutral'."
B 0576,"iya, manut","The message ""iya, manut"" is not in English and does not contain any clear references to Christianity or indications of openness or lack of openness towards it. Therefore, it should be labeled as 'Neutral' regarding openness to Christianity as it does not provide sufficient context to make a judgement."
B 0576,"amin, ngobrol sama siapa? maaf",Neutral
B 0576,iya,"The message ""iya"" is simply a greeting, similar to saying ""hi"" or ""hello"" in informal language. It does not provide any information or context regarding attitudes or openness towards Christianity. Thus, the appropriate label for this message would be 'Neutral'."
B 0599,ibadah,"The term ""ibadah"" does not express openness, neutrality, or opposition specifically towards Christianity as it is a term primarily used in the context of Islam, referring to worship or service to Allah. Therefore, I will label it as 'Neutral' regarding openness to Christianity, as the term itself does not directly relate to or comment on Christianity."
B 0599,saya lukluim usia 40 tahun.,'Neutral'
B 0599,alhamdulilah,'Not Open'
B 0599,kec. tuban kab. tuban jatim,Neutral
B 0599,guru swasta,"The phrase ""guru swasta"" translates to ""private teacher"" in English and doesn't contain any specific reference to Christianity or any other religion. Therefore, it should be labeled as 'Neutral' regarding openness to Christianity."
B 0599,mi,"The message ""mi"" is too short and lacks any context to determine the user's openness to Christianity or any particular stance on the topic. Therefore, it would be labeled as 'Neutral'."
B 0599,s1,"The message ""s1"" provided is not sufficient to determine any context or sentiment about openness to Christianity. Therefore, I would label it as 'Neutral' since there is no information provided about openness or non-openness towards Christianity."
B 0599,pendidikan matematika,Neutral
B 0599,"alhamdulilah sudah, tp ada tpnya",'Neutral'
B 0599,banyak kekurangnya,'Neutral'
B 0599,saya masih bertahan demi anak dan semoga allah membuka pintu hati agar lebih taat lagi beribadah,'Not Open'
B 0599,"amin. dia berubah setelan menengenal game online. semua tabungan kerja keras saya habis, tanpa sisa yang masih masih hutang yg menumpuk",Neutral
B 0599,untuk saya insya allah selalu berusaha yang terbaik.,'Neutral'
B 0599,apa itu?,"The message you've provided, ""apa itu?"" is Indonesian for ""what is that?"" This message does not express any stance or sentiment towards Christianity or any other topic. It simply asks for clarification or identification of something. Thus the appropriate label for this message would be **Neutral**."
B 0599,"dosa sih pasti ada, tapi yang saya fikirkan sekarang gimana cara allah mengampuni dosa-dosa kita.",'Not Open'
B 0599,sesuatu perbuat yang seharusnya tidak kita lakukan karena itu merupakan larangan allah.,'Not Open'
B 0599,selama ini sudah berusaha melakukan sholat dan lain-lain tapi apakah itu sudah bisa menghapus dosa sy kurang tau,Neutral
B 0599,boleh.,"This message is labeled as 'Neutral' regarding openness to Christianity, as it does not contain any content that directly expresses attitudes or sentiments towards Christianity."
B 0599,mau.,"The message ""mau."" does not provide enough context or content related to openness to Christianity or any religious beliefs. Therefore, I would label it as 'Neutral' due to its ambiguity concerning the topic."
B 0599,boleh.,"The message ""boleh"" is in Malay language, meaning ""can"" or ""able to,"" typically used to express permission or possibility. However, this message does not provide enough context or content to judge openness to Christianity specifically. Hence, it should be labeled as 'Neutral'."
B 0599,085646000646.,"The message you provided, ""085646000646,"" appears to be a sequence of numbers and does not contain any explicit content or context related to Christianity or religious topics. Therefore, it should be labeled as 'Neutral' since it neither expresses openness nor non-openness to Christianity."
B 0599,siap.,'Not Open'
B 0608,takdir yg tak sesuai rencana kita,'Neutral'
B 0608,nama saya erni umur 21 tahun,Neutral
B 0608,"salam kenal mbak erni, gimana kabarnya mbak? baik alhamdulilah,anda bagaimna kbarnya?",Neutral
B 0608,di kalimantan barat,"The message ""di kalimantan barat"" translates to ""in West Kalimantan"" in English. Since it only provides a geographical location and does not contain any sentiments or opinions related to Christianity, it should be labeled as 'Neutral'."
B 0608,kecamatan pinoh utara kabupaten melawi,Neutral
B 0608,"jualan sate,pecel",Neutral
B 0608,sma jurusan ipa,"This message, which means ""high school with a science major"" in Indonesian, does not express any sentiment towards Christianity. Thus, it should be labeled as 'Neutral'."
B 0608,"belum, belum ada jodoh masih ragu",'Neutral'
B 0608,"aamiinn, lagi proses untuk hijrah istiqomah dalam berhijab",'Not Open'
B 0608,rindu sekalii,'Neutral'
B 0608,apa itu??,"The message ""apa itu??"" translates to ""what is that??"" in English. This message is 'Neutral' regarding openness to Christianity, as it does not express any specific content, questions, or sentiment related to Christianity."
B 0608,sering bnget sampai mikir segitu berdosanya hamba ya allah,'Not Open'
B 0608,"perbuatan yg melanggar dari aturan yang udah allah buat ,",'Neutral'
B 0608,"saya lgi berusaha untuk hal itu dengan tidak berkumpul dengan orang2 yg membawa pada dosa,merawat orangtua dan tidak menyikapi omongan orang",'Neutral'
B 0608,siapa itu?,"The message ""siapa itu?"" translates to ""who is that?"" in English. This message does not express any sentiment or opinion about Christianity. Therefore, it should be labeled as 'Neutral'."
B 0608,mau,"The message ""mau"" does not provide enough context or content related to openness to Christianity or any other subject. Therefore, it is labeled as 'Neutral'."
B 0608,mau banget,"The message ""mau banget"" translates to ""really want"" in Indonesian. This message does not indicate any specific stance towards Christianity or religion in general. It's a neutral statement with respect to openness to Christianity. Therefore, the appropriate label would be 'Neutral'."
B 0608,082258825761,"The message provided, ""082258825761"", consists solely of numbers and does not convey any information or sentiment regarding openness to Christianity. Therefore, it should be labeled as 'Neutral'."
B 0608,iya boleh mba,"The message ""iya boleh mba"" is in Indonesian, primarily meaning ""yes, okay sister."" It is a neutral response indicating agreement or permission and does not specifically address Christianity or any religious context. Therefore, it should be labeled as 'Neutral'."
B 0608,"waalaikusalam,terima kasih juga",Neutral
B 0624,saya ingin memperbaiki diri dan ekonomi saya,'Neutral'
B 0624,"nama saya suswati usia 57 tahun, terima kasih.",Neutral
B 0624,alhamdulilah baik-baik saja.,'Neutral'
B 0624,banyuwangi.,'Neutral'
B 0624,kecamatan srono.,"The message ""kecamatan srono"" refers to a district (kecamatan) in Indonesia, but it provides no information related to attitudes or openness toward Christianity. Thus, I would label it as 'Neutral' considering the context provided."
B 0624,aku seorang petani,'Neutral'
B 0624,smea.,"The message ""smea."" does not express or indicate any specific feelings or openness toward Christianity. It looks like a typo or an unclear abbreviation. Therefore, I would label it as 'Neutral' since it does not convey any discernible attitude toward Christianity."
B 0624,"sudah, tapi suamiku sudah meninggal 3 tahun yang lalu.",Neutral
B 0624,terima kasih amin 3x yra,"The given message ""terima kasih amin 3x yra"" appears to be in Indonesian, where ""terima kasih"" means ""thank you"" and ""amin"" means ""amen,"" which is often used in a religious context to conclude prayers in both Christianity and Islam. ""3x"" likely refers to saying ""amen"" three times, and ""yra"" is unclear but could be a typo or an abbreviation not directly relevant to the assessment.

The use of ""amin"" (amen) does indicate a religious context, possibly inclusive of Christian language, yet it is also common in Islamic practice. Since the message does not explicitly endorse, support, or express openness to Christianity — nor does it close off or restrict it — it's most accurately labeled as ""Neutral."" This indicates neither an explicit openness nor opposition to Christianity based solely on the content provided."
B 0624,alhamdulilah aku masih bisa menjalankan 5 waktu.,'Not Open'
B 0624,iya gimana caranya menghapus dosa.,"Label: Neutral

Explanation: The message asks how to remove sin, which is a general concept in many religions including Christianity. However, it doesn't mention Christianity or any specific religious practice directly relating to Christianity, so it cannot be considered 'open' or 'not open' to Christianity specifically. It is a neutral question about a concept common to many religious beliefs."
B 0624,"ya banyak, nggak bisa disebutkan satu persatu.",Neutral
B 0624,"kalau saya tahu akan saya hapus, tapi insya alloh mudah-mudahan diterima alloh segala perbuatan dan segala taubat-taubat saya diterima alloh.",'Not Open'
B 0624,ya saya mau dan siap bimbinganya.,'Neutral'
B 0624,ya siap mendengarkan.,'Neutral'
B 0624,insya alloh siap.,"The message is 'Neutral' regarding openness to Christianity. The phrase ""insya alloh"" indicates an Islamic cultural context, which typically uses the phrase to mean ""God willing"" in Arabic. However, this does not specifically express openness or lack of openness to Christianity."
B 0624,ya mbak no. 085335116985.,Neutral
B 0624,ya terima kasih.,Neutral
B 0649,iya,"The message ""iya"" does not provide enough content to determine any specific alignment or openness toward Christianity or any other topic. It seems more like a casual greeting or shorthand for ""hiya"" or ""hey."" Thus, the correct label would be 'Neutral', as it does not express any clear sentiment or position regarding Christianity."
B 0649,nama saya syarifa usia 21 tahun,Neutral
B 0649,alhamdulillah baik,'Neutral'
B 0649,di pati jawa tengah,"The message ""di pati jawa tengah"" which translates to ""in Pati, Central Java"" does not provide any information regarding openness to Christianity or any other religious beliefs. It simply states a geographical location. Therefore, the appropriate label would be 'Neutral'."
B 0649,waturoyo margoyoso pati.,"The provided text, ""waturoyo margoyoso pati,"" does not contain any clear reference or indication of openness or lack thereof to Christianity. It appears to be a phrase or location name rather than a statement about religious openness. Therefore, I would label it as 'Neutral' since it doesn't explicitly convey any stance on Christianity."
B 0649,tidak bekerja.,"The message ""tidak bekerja"" translates from Indonesian to ""does not work"" or ""not working"" in English. It doesn't express any sentiment related to openness towards Christianity. Therefore, the label for this message would be 'Neutral'."
B 0649,sma dan  mau lanjut kuliah,Neutral.
B 0649,rencana mau di kudus. beri motivasi dong kk!,'Neutral'
B 0649,pikiran negatif berbuat dosa.,'Neutral'
B 0649,"pernah,, kadang kalo tahu itu dosa masih aja di lakoni,, kadang saya bisa menahan nafsu kadang juga tdk wong saya manusia biasa,, ya too,, tapi saya ingin mendapatkan ridho dan mencari petunjuk dari allah,, kadang saya ingin merasa putus asa tapi karna saya masih punya iman kuat jadi alhamdulillah saya masih bisa melakukan yg terbaik dan mencari jalan menuju ridho-nya",'Not Open'
B 0649,"perbuatan yg dilarang alloh. kalo boleh tau ini asal usul admin nya,,",'Neutral'
B 0649,sudah,'Neutral'
B 0649,boleh. gimana??,"The provided message, ""boleh. gimana??"" which translates to ""can. how??"" in English, does not contain any content related to Christianity or religious beliefs. Therefore, it's appropriate to label this message as 'Neutral' regarding openness to Christianity."
B 0649,iya mau.,"The message ""iya mau"" is very brief and does not provide any context regarding attitudes towards Christianity or any other subject. It simply means ""yes, want"" in Indonesian. Based on the content provided, I would classify this as 'Neutral' as it does not convey any specific openness or lack thereof towards Christianity or any other subject."
B 0649,iya mau,"The message ""iya mau"" translates from Indonesian to ""yes, want"" in English, which is a very general statement and does not specifically address Christianity or any religious context. Hence, it should be labeled as 'Neutral' in terms of openness to Christianity."
B 0649,"iya, 082324163792","The provided message, ""iya, 082324163792,"" does not contain any information or context regarding attitudes towards Christianity or any other religious stance. Therefore, it should be labeled as 'Neutral' regarding openness to Christianity."
B 0649,iya okelah,"The message ""iya okelah"" translates to ""okay, fine"" or ""alright then"" in English, which is a neutral response that doesn’t show any specific openness or lack thereof towards Christianity. It is simply an acknowledgment or agreement without any clear context of the topic being discussed. Therefore, the message should be labeled as 'Neutral'."
B 0649,iya. terimakasih atas ilmunya.,'Neutral'
